FullAddress,Latitude,Longitude
"60657, Chicago, IL",41.9403795,-87.65318049999999
"75070, McKinney, TX",33.1593743,-96.68058839999999
"77494, Katy, TX",29.742025,-95.8248352
"60614, Chicago, IL",41.9203468,-87.6433139
"79936, El Paso, TX",31.7599791,-106.287521
"77084, Houston, TX",29.8296506,-95.6668306
"10467, New York, NY",40.8723987,-73.8713099
"60640, Chicago, IL",41.9703133,-87.663045
"77449, Katy, TX",29.8260177,-95.7510475
"94109, San Francisco, CA",37.7929789,-122.4212424
