month_year,FullAddress,avg_temperature,avg_precipitation,avg_rain,avg_snowfall,avg_wind_speed,avg_wind_gusts,Latitude,Longitude
2022-10,"10467, New York, NY",13.427396,6.3875003,6.3875003,0.0,15.292229,29.925,40.8723987,-73.8713099
2022-10,"60614, Chicago, IL",11.636791,6.75,6.75,0.0,23.406826,35.594997,41.9203468,-87.6433139
2022-10,"60640, Chicago, IL",11.691845,5.15,5.15,0.0,18.635468,35.37,41.9703133,-87.663045
2022-10,"60657, Chicago, IL",11.636791,6.75,6.75,0.0,23.406826,35.594997,41.9403795,-87.65318049999999
2022-10,"75070, McKinney, TX",15.922541,13.675,13.675,0.0,24.265202,42.12,33.1593743,-96.68058839999999
2022-10,"77084, Houston, TX",18.595625,7.575,7.575,0.0,22.784937,41.625,29.8296506,-95.6668306
2022-10,"77449, Katy, TX",18.627314,10.2125,10.2125,0.0,23.29135,41.535,29.8260177,-95.7510475
2022-10,"77494, Katy, TX",18.799427,10.2,10.2,0.0,23.072346,42.074997,29.742025,-95.8248352
2022-10,"79936, El Paso, TX",13.005167,0.2625,0.2625,0.0,23.206743,38.969997,31.7599791,-106.287521
2022-10,"94109, San Francisco, CA",13.373541,0.0,0.0,0.0,24.49123,40.32,37.7929789,-122.4212424
2022-11,"10467, New York, NY",9.0975,2.9233332,2.88,0.030333333,20.684471,39.612,40.8723987,-73.8713099
2022-11,"60614, Chicago, IL",5.895889,1.1766666,0.94666666,0.161,28.859467,44.52,41.9203468,-87.6433139
2022-11,"60640, Chicago, IL",5.8513055,1.33,1.0566667,0.19366668,22.601894,44.219997,41.9703133,-87.663045
2022-11,"60657, Chicago, IL",5.895889,1.1766666,0.94666666,0.161,28.859467,44.52,41.9403795,-87.65318049999999
2022-11,"75070, McKinney, TX",11.768931,4.73,4.6966662,0.023333333,21.252058,38.004,33.1593743,-96.68058839999999
2022-11,"77084, Houston, TX",15.596875,8.956667,8.956667,0.0,19.918623,35.94,29.8296506,-95.6668306
2022-11,"77449, Katy, TX",15.585195,9.046666,9.046666,0.0,20.027287,36.059998,29.8260177,-95.7510475
2022-11,"77494, Katy, TX",15.729584,8.46,8.46,0.0,20.278015,37.284,29.742025,-95.8248352
2022-11,"79936, El Paso, TX",10.047875,0.10333333,0.060000006,0.030333333,22.816454,37.836,31.7599791,-106.287521
2022-11,"94109, San Francisco, CA",10.79618,1.3966668,1.3966668,0.0,23.934767,38.867996,37.7929789,-122.4212424
2022-12,"10467, New York, NY",2.22086,3.3483872,3.2193549,0.090322584,20.551212,39.12387,40.8723987,-73.8713099
2022-12,"60614, Chicago, IL",-1.3598143,1.9161291,1.4967742,0.2980645,28.911024,43.873547,41.9203468,-87.6433139
2022-12,"60640, Chicago, IL",-1.5691693,2.119355,1.6225808,0.35,22.754095,42.909676,41.9703133,-87.663045
2022-12,"60657, Chicago, IL",-1.3598143,1.9161291,1.4967742,0.2980645,28.911024,43.873547,41.9403795,-87.65318049999999
2022-12,"75070, McKinney, TX",8.985681,3.732258,3.732258,0.0,22.861713,39.785805,33.1593743,-96.68058839999999
2022-12,"77084, Houston, TX",13.563737,4.5935483,4.5935483,0.0,20.391184,36.580647,29.8296506,-95.6668306
2022-12,"77449, Katy, TX",13.499675,4.848387,4.848387,0.0,20.716524,37.16129,29.8260177,-95.7510475
2022-12,"77494, Katy, TX",13.581291,4.070968,4.070968,0.0,21.146656,38.43871,29.742025,-95.8248352
2022-12,"79936, El Paso, TX",7.598043,0.45483872,0.4483871,0.004516129,20.09864,34.118706,31.7599791,-106.287521
2022-12,"94109, San Francisco, CA",8.995687,9.380646,9.380646,0.0,24.15016,37.950966,37.7929789,-122.4212424
2023-01,"10467, New York, NY",4.391828,3.835484,3.6645162,0.11967742,19.24616,36.232258,40.8723987,-73.8713099
2023-01,"60614, Chicago, IL",-0.22218011,1.8483872,1.0935484,0.53290325,25.385822,38.79871,41.9203468,-87.6433139
2023-01,"60640, Chicago, IL",-0.35673636,1.864516,1.1483871,0.5035484,19.449886,37.381935,41.9703133,-87.663045
2023-01,"60657, Chicago, IL",-0.22218011,1.8483872,1.0935484,0.53290325,25.385822,38.79871,41.9403795,-87.65318049999999
2023-01,"75070, McKinney, TX",9.887025,3.0451612,3.0032258,0.029354839,23.506882,41.225807,33.1593743,-96.68058839999999
2023-01,"77084, Houston, TX",14.24875,5.735484,5.735484,0.0,20.532795,38.183224,29.8296506,-95.6668306
2023-01,"77449, Katy, TX",14.228774,4.9774194,4.9774194,0.0,21.315767,39.367744,29.8260177,-95.7510475
2023-01,"77494, Katy, TX",14.337137,4.3645163,4.3645163,0.0,21.389755,40.052902,29.742025,-95.8248352
2023-01,"79936, El Paso, TX",7.3605433,0.20322582,0.18064517,0.015806451,23.848217,40.15742,31.7599791,-106.287521
2023-01,"94109, San Francisco, CA",9.864705,8.645162,8.645162,0.0,30.773241,49.07613,37.7929789,-122.4212424
2023-02,"10467, New York, NY",3.0471132,1.5107143,0.86428577,0.45249993,22.365343,42.634285,40.8723987,-73.8713099
2023-02,"60614, Chicago, IL",0.25085422,3.0892856,2.6142857,0.33499998,30.894869,47.16,41.9203468,-87.6433139
2023-02,"60640, Chicago, IL",0.3434436,3.2785716,2.789286,0.3425,25.059652,47.751427,41.9703133,-87.663045
2023-02,"60657, Chicago, IL",0.25085422,3.0892856,2.6142857,0.33499998,30.894869,47.16,41.9403795,-87.65318049999999
2023-02,"75070, McKinney, TX",9.765325,4.775,4.760714,0.01,26.205164,45.115715,33.1593743,-96.68058839999999
2023-02,"77084, Houston, TX",14.858498,1.9071429,1.9071429,0.0,21.609468,39.90857,29.8296506,-95.6668306
2023-02,"77449, Katy, TX",14.807447,1.925,1.925,0.0,22.415247,41.43857,29.8260177,-95.7510475
2023-02,"77494, Katy, TX",14.865015,2.0357144,2.0357144,0.0,22.857376,43.25143,29.742025,-95.8248352
2023-02,"79936, El Paso, TX",8.223098,0.71428573,0.7035714,0.0075,29.083967,47.982857,31.7599791,-106.287521
2023-02,"94109, San Francisco, CA",8.459405,3.0928574,3.0928574,0.0,28.559677,47.59714,37.7929789,-122.4212424
2023-03,"10467, New York, NY",4.998683,4.4290323,3.967742,0.32290325,22.661888,43.88516,40.8723987,-73.8713099
2023-03,"60614, Chicago, IL",2.3385725,2.5903225,1.8064516,0.54870963,28.09661,45.359997,41.9203468,-87.6433139
2023-03,"60640, Chicago, IL",2.622968,2.467742,1.5677419,0.63,22.443396,45.058064,41.9703133,-87.663045
2023-03,"60657, Chicago, IL",2.3385725,2.5903225,1.8064516,0.54870963,28.09661,45.359997,41.9403795,-87.65318049999999
2023-03,"75070, McKinney, TX",14.388301,7.6064515,7.6064515,0.0,26.513556,47.032257,33.1593743,-96.68058839999999
2023-03,"77084, Houston, TX",18.92489,5.887097,5.887097,0.0,23.576105,43.420643,29.8296506,-95.6668306
2023-03,"77449, Katy, TX",18.878775,4.83871,4.83871,0.0,23.859207,44.187096,29.8260177,-95.7510475
2023-03,"77494, Katy, TX",18.97524,3.903226,3.903226,0.0,23.979063,45.31355,29.742025,-95.8248352
2023-03,"79936, El Paso, TX",13.927008,0.06774194,0.025806451,0.029354837,31.83531,53.686447,31.7599791,-106.287521
2023-03,"94109, San Francisco, CA",9.288494,7.4548388,7.4548388,0.0,33.948437,55.974194,37.7929789,-122.4212424
2023-04,"10467, New York, NY",12.2225,4.1633334,4.1633334,0.0,20.377089,40.98,40.8723987,-73.8713099
2023-04,"60614, Chicago, IL",9.312208,2.53,2.3666666,0.11666667,28.117853,45.059998,41.9203468,-87.6433139
2023-04,"60640, Chicago, IL",9.807279,2.89,2.6666667,0.15866666,23.031466,47.004,41.9703133,-87.663045
2023-04,"60657, Chicago, IL",9.312208,2.53,2.3666666,0.11666667,28.117853,45.059998,41.9403795,-87.65318049999999
2023-04,"75070, McKinney, TX",16.94511,4.6033335,4.6033335,0.0,24.304258,43.547997,33.1593743,-96.68058839999999
2023-04,"77084, Houston, TX",19.65965,6.046667,6.046667,0.0,20.995516,40.524,29.8296506,-95.6668306
2023-04,"77449, Katy, TX",19.605335,6.8799996,6.8799996,0.0,21.521759,41.016,29.8260177,-95.7510475
2023-04,"77494, Katy, TX",19.70007,7.4966664,7.4966664,0.0,21.693506,41.651997,29.742025,-95.8248352
2023-04,"79936, El Paso, TX",18.787529,0.0,0.0,0.0,31.451178,51.0,31.7599791,-106.287521
2023-04,"94109, San Francisco, CA",10.635486,0.123333335,0.123333335,0.0,31.124002,50.567997,37.7929789,-122.4212424
2023-05,"10467, New York, NY",15.361115,1.4580646,1.4580646,0.0,18.081127,36.16258,40.8723987,-73.8713099
2023-05,"60614, Chicago, IL",13.112833,1.4322581,1.4322581,0.0,24.09074,39.019356,41.9203468,-87.6433139
2023-05,"60640, Chicago, IL",14.432779,1.5999999,1.5999999,0.0,19.113012,38.694195,41.9703133,-87.663045
2023-05,"60657, Chicago, IL",13.112833,1.4322581,1.4322581,0.0,24.09074,39.019356,41.9403795,-87.65318049999999
2023-05,"75070, McKinney, TX",22.393543,5.4258065,5.4258065,0.0,20.66155,38.067097,33.1593743,-96.68058839999999
2023-05,"77084, Houston, TX",23.821129,6.7387094,6.7387094,0.0,17.146366,33.39871,29.8296506,-95.6668306
2023-05,"77449, Katy, TX",23.754177,6.074194,6.074194,0.0,17.347233,33.305805,29.8260177,-95.7510475
2023-05,"77494, Katy, TX",23.838682,6.4612904,6.4612904,0.0,18.1068,34.141937,29.742025,-95.8248352
2023-05,"79936, El Paso, TX",24.327412,0.07419355,0.07419355,0.0,26.429665,43.954838,31.7599791,-106.287521
2023-05,"94109, San Francisco, CA",12.506103,1.0225807,1.0225807,0.0,31.393501,51.538063,37.7929789,-122.4212424
2023-06,"10467, New York, NY",19.712292,3.1633332,3.1633332,0.0,18.84972,38.064,40.8723987,-73.8713099
2023-06,"60614, Chicago, IL",18.563179,1.8,1.8,0.0,25.695965,43.524,41.9203468,-87.6433139
2023-06,"60640, Chicago, IL",19.456932,2.09,2.09,0.0,20.005627,42.072,41.9703133,-87.663045
2023-06,"60657, Chicago, IL",18.563179,1.8,1.8,0.0,25.695965,43.524,41.9403795,-87.65318049999999
2023-06,"75070, McKinney, TX",27.016222,5.3933334,5.3933334,0.0,21.118645,38.663998,33.1593743,-96.68058839999999
2023-06,"77084, Houston, TX",28.926111,3.0533333,3.0533333,0.0,18.429338,35.255997,29.8296506,-95.6668306
2023-06,"77449, Katy, TX",28.836653,2.2200003,2.2200003,0.0,18.68148,35.232,29.8260177,-95.7510475
2023-06,"77494, Katy, TX",28.98493,1.39,1.39,0.0,19.005962,36.12,29.742025,-95.8248352
2023-06,"79936, El Paso, TX",29.094751,0.020000001,0.020000001,0.0,28.53052,48.036,31.7599791,-106.287521
2023-06,"94109, San Francisco, CA",13.800555,0.046666667,0.046666667,0.0,32.24077,54.096,37.7929789,-122.4212424
2023-07,"10467, New York, NY",24.369717,5.4516134,5.4516134,0.0,16.479893,35.616776,40.8723987,-73.8713099
2023-07,"60614, Chicago, IL",21.89966,9.125806,9.125806,0.0,21.935291,40.43613,41.9203468,-87.6433139
2023-07,"60640, Chicago, IL",22.44508,7.53871,7.53871,0.0,18.134592,39.588387,41.9703133,-87.663045
2023-07,"60657, Chicago, IL",21.89966,9.125806,9.125806,0.0,21.935291,40.43613,41.9403795,-87.65318049999999
2023-07,"75070, McKinney, TX",29.87318,3.7096775,3.7096775,0.0,19.700094,34.954838,33.1593743,-96.68058839999999
2023-07,"77084, Houston, TX",30.32711,1.2774193,1.2774193,0.0,18.064583,33.619354,29.8296506,-95.6668306
2023-07,"77449, Katy, TX",30.329044,1.1967742,1.1967742,0.0,18.443441,33.80516,29.8260177,-95.7510475
2023-07,"77494, Katy, TX",30.436533,1.0741935,1.0741935,0.0,18.715279,34.931614,29.742025,-95.8248352
2023-07,"79936, El Paso, TX",32.585342,0.022580644,0.022580644,0.0,26.011114,41.632256,31.7599791,-106.287521
2023-07,"94109, San Francisco, CA",15.044544,0.0,0.0,0.0,28.627707,51.712257,37.7929789,-122.4212424
2023-08,"10467, New York, NY",22.649488,4.1516128,4.1516128,0.0,17.749249,37.184517,40.8723987,-73.8713099
2023-08,"60614, Chicago, IL",21.892134,3.3064516,3.3064516,0.0,22.818235,39.867096,41.9203468,-87.6433139
2023-08,"60640, Chicago, IL",22.079353,3.4,3.4,0.0,18.530296,40.36645,41.9703133,-87.663045
2023-08,"60657, Chicago, IL",21.892134,3.3064516,3.3064516,0.0,22.818235,39.867096,41.9403795,-87.65318049999999
2023-08,"75070, McKinney, TX",33.0592,0.23870966,0.23870966,0.0,20.865013,37.579353,33.1593743,-96.68058839999999
2023-08,"77084, Houston, TX",32.2509,0.14838709,0.14838709,0.0,20.833813,38.996128,29.8296506,-95.6668306
2023-08,"77449, Katy, TX",32.301693,0.24193548,0.24193548,0.0,20.89905,38.903225,29.8260177,-95.7510475
2023-08,"77494, Katy, TX",32.296276,0.4741935,0.4741935,0.0,20.833134,40.21548,29.742025,-95.8248352
2023-08,"79936, El Paso, TX",29.425865,0.5903226,0.5903226,0.0,24.389074,41.51613,31.7599791,-106.287521
2023-08,"94109, San Francisco, CA",16.775658,0.006451613,0.006451613,0.0,27.604515,50.074837,37.7929789,-122.4212424
2023-09,"10467, New York, NY",19.676874,8.9366665,8.9366665,0.0,16.62156,34.38,40.8723987,-73.8713099
2023-09,"60614, Chicago, IL",19.391167,5.796667,5.796667,0.0,20.632719,35.364,41.9203468,-87.6433139
2023-09,"60640, Chicago, IL",19.368597,5.133333,5.133333,0.0,16.958189,35.292,41.9703133,-87.663045
2023-09,"60657, Chicago, IL",19.391167,5.796667,5.796667,0.0,20.632719,35.364,41.9403795,-87.65318049999999
2023-09,"75070, McKinney, TX",27.657263,2.1066668,2.1066668,0.0,18.767576,34.224,33.1593743,-96.68058839999999
2023-09,"77084, Houston, TX",28.930553,2.36,2.36,0.0,17.080492,33.468,29.8296506,-95.6668306
2023-09,"77449, Katy, TX",29.020683,2.5066667,2.5066667,0.0,17.69796,33.612,29.8260177,-95.7510475
2023-09,"77494, Katy, TX",29.167015,2.4766667,2.4766667,0.0,18.036823,34.596,29.742025,-95.8248352
2023-09,"79936, El Paso, TX",27.233917,0.18333334,0.18333334,0.0,21.599974,36.479996,31.7599791,-106.287521
2023-09,"94109, San Francisco, CA",16.35396,0.053333335,0.053333335,0.0,25.162287,45.48,37.7929789,-122.4212424
2023-10,"10467, New York, NY",14.580336,4.0451617,4.0451617,0.0,16.799847,34.211613,40.8723987,-73.8713099
2023-10,"60614, Chicago, IL",12.88743,3.9290323,3.8774195,0.036129035,25.999802,42.619354,41.9203468,-87.6433139
2023-10,"60640, Chicago, IL",12.801462,3.5193548,3.4612901,0.04064516,21.528164,43.199997,41.9703133,-87.663045
2023-10,"60657, Chicago, IL",12.88743,3.9290323,3.8774195,0.036129035,25.999802,42.619354,41.9403795,-87.65318049999999
2023-10,"75070, McKinney, TX",19.772306,8.129033,8.129033,0.0,22.35035,39.07742,33.1593743,-96.68058839999999
2023-10,"77084, Houston, TX",22.091425,4.0064516,4.0064516,0.0,19.411575,36.569035,29.8296506,-95.6668306
2023-10,"77449, Katy, TX",22.149542,3.5774195,3.5774195,0.0,19.292934,36.336773,29.8260177,-95.7510475
2023-10,"77494, Katy, TX",22.362608,2.8806453,2.8806453,0.0,19.81767,37.939354,29.742025,-95.8248352
2023-10,"79936, El Paso, TX",20.167263,0.21935484,0.21935484,0.0,21.595758,36.359997,31.7599791,-106.287521
2023-10,"94109, San Francisco, CA",16.508118,0.36451614,0.36451614,0.0,21.683325,40.331615,37.7929789,-122.4212424
2023-11,"10467, New York, NY",6.4454165,1.9233335,1.9233335,0.0,18.214872,36.3,40.8723987,-73.8713099
2023-11,"60614, Chicago, IL",5.5225554,1.1299999,0.9933333,0.095666654,25.29341,40.656,41.9203468,-87.6433139
2023-11,"60640, Chicago, IL",5.2091527,1.1966667,1.0333334,0.114333324,20.769672,39.792,41.9703133,-87.663045
2023-11,"60657, Chicago, IL",5.5225554,1.1299999,0.9933333,0.095666654,25.29341,40.656,41.9403795,-87.65318049999999
2023-11,"75070, McKinney, TX",13.277265,2.4299998,2.4299998,0.0,19.541569,34.008,33.1593743,-96.68058839999999
2023-11,"77084, Houston, TX",16.06493,4.406667,4.406667,0.0,17.941675,33.12,29.8296506,-95.6668306
2023-11,"77449, Katy, TX",16.097834,3.8799999,3.8799999,0.0,17.985477,33.348,29.8260177,-95.7510475
2023-11,"77494, Katy, TX",16.289097,3.6299999,3.6299999,0.0,18.497427,34.992,29.742025,-95.8248352
2023-11,"79936, El Paso, TX",12.843986,0.09000001,0.09000001,0.0,19.73562,32.315998,31.7599791,-106.287521
2023-11,"94109, San Francisco, CA",12.999027,2.6200001,2.6200001,0.0,18.784084,32.724,37.7929789,-122.4212424
2023-12,"10467, New York, NY",5.1020427,6.954839,6.954839,0.0,17.596369,35.430965,40.8723987,-73.8713099
2023-12,"60614, Chicago, IL",3.4313817,2.445161,2.3193548,0.088064514,23.19878,36.418064,41.9203468,-87.6433139
2023-12,"60640, Chicago, IL",3.3358037,2.5,2.3645163,0.09483872,18.975145,35.72129,41.9703133,-87.663045
2023-12,"60657, Chicago, IL",3.4313817,2.445161,2.3193548,0.088064514,23.19878,36.418064,41.9403795,-87.65318049999999
2023-12,"75070, McKinney, TX",10.009134,2.3580642,2.3580642,0.0,21.048426,35.883873,33.1593743,-96.68058839999999
2023-12,"77084, Houston, TX",13.655538,2.3516128,2.3516128,0.0,18.181967,33.073544,29.8296506,-95.6668306
2023-12,"77449, Katy, TX",13.683278,2.6096773,2.6096773,0.0,18.3261,33.352257,29.8260177,-95.7510475
2023-12,"77494, Katy, TX",13.88418,2.4225805,2.4225805,0.0,18.924019,34.780643,29.742025,-95.8248352
2023-12,"79936, El Paso, TX",8.252412,0.32903227,0.32903227,0.0,19.0946,32.45806,31.7599791,-106.287521
2023-12,"94109, San Francisco, CA",11.19656,5.6225805,5.6225805,0.0,18.931505,33.096775,37.7929789,-122.4212424
2024-01,"10467, New York, NY",1.3064786,5.1419353,4.496774,0.4516129,21.363476,41.96903,40.8723987,-73.8713099
2024-01,"60614, Chicago, IL",-3.530379,3.3612902,1.9032258,1.0229032,26.226484,41.957417,41.9203468,-87.6433139
2024-01,"60640, Chicago, IL",-3.9711852,3.6258066,1.8000001,1.2803226,20.714827,39.36774,41.9703133,-87.663045
2024-01,"60657, Chicago, IL",-3.530379,3.3612902,1.9032258,1.0229032,26.226484,41.957417,41.9403795,-87.65318049999999
2024-01,"75070, McKinney, TX",4.5646453,3.416129,3.416129,0.0,23.338734,39.913548,33.1593743,-96.68058839999999
2024-01,"77084, Houston, TX",10.220524,10.645163,10.645163,0.0,22.42077,40.238712,29.8296506,-95.6668306
2024-01,"77449, Katy, TX",10.155119,10.393549,10.393549,0.0,22.32719,40.912254,29.8260177,-95.7510475
2024-01,"77494, Katy, TX",10.279476,9.648387,9.648387,0.0,22.786589,42.619354,29.742025,-95.8248352
2024-01,"79936, El Paso, TX",7.189777,0.5032258,0.4516129,0.03612903,25.328608,42.45677,31.7599791,-106.287521
2024-01,"94109, San Francisco, CA",10.9604025,3.9064517,3.9064517,0.0,23.005728,38.891613,37.7929789,-122.4212424
2024-02,"10467, New York, NY",2.0153449,2.1620688,1.1241379,0.7289654,18.988342,37.886894,40.8723987,-73.8713099
2024-02,"60614, Chicago, IL",2.3079484,0.5137931,0.30689654,0.14482759,24.24146,39.016552,41.9203468,-87.6433139
2024-02,"60640, Chicago, IL",2.542661,0.4517241,0.16551723,0.20034485,19.819595,39.463448,41.9703133,-87.663045
2024-02,"60657, Chicago, IL",2.3079484,0.5137931,0.30689654,0.14482759,24.24146,39.016552,41.9403795,-87.65318049999999
2024-02,"75070, McKinney, TX",12.586514,2.275862,2.0827587,0.13517241,24.602633,41.822067,33.1593743,-96.68058839999999
2024-02,"77084, Houston, TX",15.57023,2.624138,2.624138,0.0,22.574556,41.151726,29.8296506,-95.6668306
2024-02,"77449, Katy, TX",15.565765,2.2275863,2.2275863,0.0,22.725382,41.524136,29.8260177,-95.7510475
2024-02,"77494, Katy, TX",15.681567,2.1137931,2.1137931,0.0,23.436834,43.808273,29.742025,-95.8248352
2024-02,"79936, El Paso, TX",10.693026,0.30689657,0.3034483,0.002413793,26.985916,44.565514,31.7599791,-106.287521
2024-02,"94109, San Francisco, CA",10.863448,6.8206897,6.8206897,0.0,26.168602,45.111725,37.7929789,-122.4212424
2024-03,"10467, New York, NY",6.702513,7.1903224,7.187097,0.0022580645,22.619532,46.045162,40.8723987,-73.8713099
2024-03,"60614, Chicago, IL",5.0573897,3.0225809,2.467742,0.38838705,29.405338,47.276127,41.9203468,-87.6433139
2024-03,"60640, Chicago, IL",5.3185997,3.206452,2.8129034,0.27548382,23.98457,47.252903,41.9703133,-87.663045
2024-03,"60657, Chicago, IL",5.0573897,3.0225809,2.467742,0.38838705,29.405338,47.276127,41.9403795,-87.65318049999999
2024-03,"75070, McKinney, TX",15.09314,5.2000003,5.170968,0.02032258,24.393476,41.469677,33.1593743,-96.68058839999999
2024-03,"77084, Houston, TX",18.303923,2.7193549,2.7193549,0.0,20.45713,38.12516,29.8296506,-95.6668306
2024-03,"77449, Katy, TX",18.300753,3.1806452,3.1806452,0.0,20.434788,38.136772,29.8260177,-95.7510475
2024-03,"77494, Katy, TX",18.416573,2.9580646,2.9580646,0.0,21.10459,39.901936,29.742025,-95.8248352
2024-03,"79936, El Paso, TX",13.885408,0.16774192,0.16774192,0.0,32.33019,51.863224,31.7599791,-106.287521
2024-03,"94109, San Francisco, CA",11.598306,4.219355,4.216129,0.0022580645,28.410109,48.739353,37.7929789,-122.4212424
2024-04,"10467, New York, NY",10.311389,3.2633333,3.2633333,0.0,22.425179,45.984,40.8723987,-73.8713099
2024-04,"60614, Chicago, IL",9.891166,3.2933335,3.0900002,0.14233333,29.94179,48.132,41.9203468,-87.6433139
2024-04,"60640, Chicago, IL",10.4045,3.7533333,3.5866666,0.116666675,24.880095,49.667995,41.9703133,-87.663045
2024-04,"60657, Chicago, IL",9.891166,3.2933335,3.0900002,0.14233333,29.94179,48.132,41.9403795,-87.65318049999999
2024-04,"75070, McKinney, TX",18.95622,6.3033338,6.3033338,0.0,27.622211,47.843998,33.1593743,-96.68058839999999
2024-04,"77084, Houston, TX",21.873264,4.3633337,4.3633337,0.0,24.102325,44.304,29.8296506,-95.6668306
2024-04,"77449, Katy, TX",21.836931,3.3066669,3.3066669,0.0,23.757938,43.812,29.8260177,-95.7510475
2024-04,"77494, Katy, TX",22.034374,3.9800003,3.9800003,0.0,24.244333,45.864,29.742025,-95.8248352
2024-04,"79936, El Paso, TX",18.283222,0.099999994,0.099999994,0.0,29.487782,49.104,31.7599791,-106.287521
2024-04,"94109, San Francisco, CA",12.227847,0.91999996,0.91999996,0.0,28.073631,48.3,37.7929789,-122.4212424
2024-05,"10467, New York, NY",16.632755,3.4580643,3.4580643,0.0,18.334267,38.473545,40.8723987,-73.8713099
2024-05,"60614, Chicago, IL",15.880507,2.6935484,2.6935484,0.0,26.916283,43.37419,41.9203468,-87.6433139
2024-05,"60640, Chicago, IL",16.478413,3.2258065,3.2258065,0.0,21.53074,43.525158,41.9703133,-87.663045
2024-05,"60657, Chicago, IL",15.880507,2.6935484,2.6935484,0.0,26.916283,43.37419,41.9403795,-87.65318049999999
2024-05,"75070, McKinney, TX",23.442198,8.209678,8.209678,0.0,25.203218,43.64129,33.1593743,-96.68058839999999
2024-05,"77084, Houston, TX",25.46226,10.667743,10.667743,0.0,22.216959,41.98064,29.8296506,-95.6668306
2024-05,"77449, Katy, TX",25.43348,11.512903,11.512903,0.0,22.718933,42.28258,29.8260177,-95.7510475
2024-05,"77494, Katy, TX",25.59789,12.051612,12.051612,0.0,23.40585,43.943226,29.742025,-95.8248352
2024-05,"79936, El Paso, TX",24.630774,0.0032258064,0.0032258064,0.0,29.186136,47.589676,31.7599791,-106.287521
2024-05,"94109, San Francisco, CA",13.739772,0.67096776,0.67096776,0.0,29.435827,51.584515,37.7929789,-122.4212424
2024-06,"10467, New York, NY",22.593126,2.1266665,2.1266665,0.0,20.90198,43.547997,40.8723987,-73.8713099
2024-06,"60614, Chicago, IL",21.796791,2.2900002,2.2900002,0.0,27.149252,44.292,41.9203468,-87.6433139
2024-06,"60640, Chicago, IL",22.373667,2.0833335,2.0833335,0.0,22.335459,45.708,41.9703133,-87.663045
2024-06,"60657, Chicago, IL",21.796791,2.2900002,2.2900002,0.0,27.149252,44.292,41.9403795,-87.65318049999999
2024-06,"75070, McKinney, TX",27.259695,3.2,3.2,0.0,20.339108,35.843998,33.1593743,-96.68058839999999
2024-06,"77084, Houston, TX",27.871113,3.2566667,3.2566667,0.0,19.378826,36.755997,29.8296506,-95.6668306
2024-06,"77449, Katy, TX",27.867973,3.1933334,3.1933334,0.0,18.955557,36.504,29.8260177,-95.7510475
2024-06,"77494, Katy, TX",28.081318,2.93,2.93,0.0,19.488567,38.628,29.742025,-95.8248352
2024-06,"79936, El Paso, TX",30.463083,0.42333335,0.42333335,0.0,27.18833,43.848,31.7599791,-106.287521
2024-06,"94109, San Francisco, CA",15.059167,0.0,0.0,0.0,33.128876,56.771996,37.7929789,-122.4212424
2024-07,"10467, New York, NY",24.867838,4.393549,4.393549,0.0,18.21743,38.72903,40.8723987,-73.8713099
2024-07,"60614, Chicago, IL",22.2795,4.9129033,4.9129033,0.0,21.222527,37.20774,41.9203468,-87.6433139
2024-07,"60640, Chicago, IL",22.480429,4.4225807,4.4225807,0.0,17.662516,37.09161,41.9703133,-87.663045
2024-07,"60657, Chicago, IL",22.2795,4.9129033,4.9129033,0.0,21.222527,37.20774,41.9403795,-87.65318049999999
2024-07,"75070, McKinney, TX",28.108395,2.4225805,2.4225805,0.0,20.105165,36.267097,33.1593743,-96.68058839999999
2024-07,"77084, Houston, TX",27.294247,11.674193,11.674193,0.0,17.55255,34.571613,29.8296506,-95.6668306
2024-07,"77449, Katy, TX",27.299406,11.074194,11.074194,0.0,17.886272,34.664516,29.8260177,-95.7510475
2024-07,"77494, Katy, TX",27.453804,10.829033,10.829033,0.0,17.899784,36.104515,29.742025,-95.8248352
2024-07,"79936, El Paso, TX",29.689508,0.32580647,0.32580647,0.0,25.408302,41.829678,31.7599791,-106.287521
2024-07,"94109, San Francisco, CA",16.09824,0.012903226,0.012903226,0.0,28.330793,50.55097,37.7929789,-122.4212424
2024-08,"10467, New York, NY",22.951975,4.806452,4.806452,0.0,17.631943,37.48645,40.8723987,-73.8713099
2024-08,"60614, Chicago, IL",22.545696,2.1258066,2.1258066,0.0,22.008986,37.114838,41.9203468,-87.6433139
2024-08,"60640, Chicago, IL",22.735537,1.8032259,1.8032259,0.0,17.53242,37.27742,41.9703133,-87.663045
2024-08,"60657, Chicago, IL",22.545696,2.1258066,2.1258066,0.0,22.008986,37.114838,41.9403795,-87.65318049999999
2024-08,"75070, McKinney, TX",30.153355,0.64838713,0.64838713,0.0,18.80982,33.27097,33.1593743,-96.68058839999999
2024-08,"77084, Houston, TX",28.785982,1.9741936,1.9741936,0.0,15.362729,30.599998,29.8296506,-95.6668306
2024-08,"77449, Katy, TX",28.865335,1.6258065,1.6258065,0.0,15.145417,30.669676,29.8260177,-95.7510475
2024-08,"77494, Katy, TX",29.064558,1.6193548,1.6193548,0.0,15.594868,32.52774,29.742025,-95.8248352
2024-08,"79936, El Paso, TX",30.257992,0.23225805,0.23225805,0.0,24.253927,41.365158,31.7599791,-106.287521
2024-08,"94109, San Francisco, CA",15.934867,0.077419356,0.077419356,0.0,28.425922,49.993546,37.7929789,-122.4212424
2024-09,"10467, New York, NY",19.380764,0.7699999,0.7699999,0.0,16.033504,33.947998,40.8723987,-73.8713099
2024-09,"60614, Chicago, IL",20.147554,2.0366666,2.0366666,0.0,22.862688,37.8,41.9203468,-87.6433139
2024-09,"60640, Chicago, IL",20.374708,2.4766665,2.4766665,0.0,18.104671,37.104,41.9703133,-87.663045
2024-09,"60657, Chicago, IL",20.147554,2.0366666,2.0366666,0.0,22.862688,37.8,41.9403795,-87.65318049999999
2024-09,"75070, McKinney, TX",25.459002,1.64,1.64,0.0,17.70383,33.168,33.1593743,-96.68058839999999
2024-09,"77084, Houston, TX",27.155209,1.85,1.85,0.0,17.80939,34.452,29.8296506,-95.6668306
2024-09,"77449, Katy, TX",27.327486,2.21,2.21,0.0,18.0136,35.112,29.8260177,-95.7510475
2024-09,"77494, Katy, TX",27.494791,1.9733334,1.9733334,0.0,18.194422,35.976,29.742025,-95.8248352
2024-09,"79936, El Paso, TX",25.758223,0.7,0.7,0.0,20.995832,34.547997,31.7599791,-106.287521
2024-09,"94109, San Francisco, CA",15.721111,0.09666667,0.09666667,0.0,26.569685,46.968,37.7929789,-122.4212424
2024-10,"10467, New York, NY",14.48961,0.20645162,0.20645162,0.0,16.725782,34.455482,40.8723987,-73.8713099
2024-10,"60614, Chicago, IL",14.706315,2.4064515,2.403226,0.0022580645,25.053814,41.051613,41.9203468,-87.6433139
2024-10,"60640, Chicago, IL",14.716045,2.1709678,2.1709678,0.0,21.160297,42.352257,41.9703133,-87.663045
2024-10,"60657, Chicago, IL",14.706315,2.4064515,2.403226,0.0022580645,25.053814,41.051613,41.9403795,-87.65318049999999
2024-10,"75070, McKinney, TX",23.234068,1.8290323,1.8290323,0.0,20.42825,36.418064,33.1593743,-96.68058839999999
2024-10,"77084, Houston, TX",24.642029,0.47741932,0.47741932,0.0,17.91323,33.665806,29.8296506,-95.6668306
2024-10,"77449, Katy, TX",24.748398,0.7193549,0.7193549,0.0,18.00875,33.851612,29.8260177,-95.7510475
2024-10,"77494, Katy, TX",24.875443,0.3483871,0.3483871,0.0,18.219557,34.699352,29.742025,-95.8248352
2024-10,"79936, El Paso, TX",22.127882,0.11935485,0.11935485,0.0,21.666058,36.418064,31.7599791,-106.287521
2024-10,"94109, San Francisco, CA",16.94824,0.23225805,0.23225805,0.0,22.561058,40.15742,37.7929789,-122.4212424
2024-11,"10467, New York, NY",14.878809,0.071428575,0.071428575,0.0,19.030855,39.239998,40.8723987,-73.8713099
2024-11,"60614, Chicago, IL",12.134262,5.7000003,5.7000003,0.0,29.266296,47.05714,41.9203468,-87.6433139
2024-11,"60640, Chicago, IL",12.035334,5.7142863,5.7142863,0.0,24.281147,48.548573,41.9703133,-87.663045
2024-11,"60657, Chicago, IL",12.134262,5.7000003,5.7000003,0.0,29.266296,47.05714,41.9403795,-87.65318049999999
2024-11,"75070, McKinney, TX",18.951262,13.342856,13.342856,0.0,22.107838,39.90857,33.1593743,-96.68058839999999
2024-11,"77084, Houston, TX",23.646368,7.7142863,7.7142863,0.0,22.836077,41.811428,29.8296506,-95.6668306
2024-11,"77449, Katy, TX",23.636765,5.7428575,5.7428575,0.0,22.364124,42.017143,29.8260177,-95.7510475
2024-11,"77494, Katy, TX",23.670593,7.285714,7.285714,0.0,22.149336,42.942852,29.742025,-95.8248352
2024-11,"79936, El Paso, TX",13.569452,0.4857143,0.4857143,0.0,24.860357,41.914284,31.7599791,-106.287521
2024-11,"94109, San Francisco, CA",14.44631,0.22857143,0.22857143,0.0,24.420416,42.634285,37.7929789,-122.4212424
